{"cameraMode":{"drawMode":0,"name":"Shaded","section":"Shading Mode"},"sceneLighting":true,"audioPlay":false,"sceneViewState":{"showFog":true,"showMaterialUpdate":true,"showSkybox":true,"showFlares":true,"showImageEffects":true,"showParticleSystems":true},"in2DMode":false,"pivot":{"x":17.920726776123048,"y":2.7365574836730959,"z":1.4919075965881348},"rotation":{"x":0.25803259015083315,"y":-0.010144205763936043,"z":0.002709444845095277,"w":0.9660794138908386},"size":7.030582427978516,"orthographic":false}